Island,lon,lat
KaNi,-160.24,21.6844
KaNi,-160.246,21.6853
KaNi,-160.251,21.6864
KaNi,-160.257,21.6892
KaNi,-160.27,21.6933
KaNi,-160.275,21.6953
KaNi,-160.286,21.7028
KaNi,-160.303,21.7166
KaNi,-160.319,21.7316
KaNi,-160.331,21.7484
KaNi,-160.331,21.7759
KaNi,-160.323,21.8007
KaNi,-160.314,21.822
KaNi,-160.313,21.8274
KaNi,-160.312,21.8317
KaNi,-160.311,21.8412
KaNi,-160.311,21.8478
KaNi,-160.312,21.8534
KaNi,-160.314,21.8738
KaNi,-160.312,21.8846
KaNi,-160.308,21.9015
KaNi,-160.307,21.9068
KaNi,-160.304,21.9117
KaNi,-160.301,21.9166
KaNi,-160.298,21.9203
KaNi,-160.295,21.9248
KaNi,-160.289,21.9443
KaNi,-160.284,21.955
KaNi,-160.279,21.9657
KaNi,-160.272,21.9736
KaNi,-160.265,21.9788
KaNi,-160.258,21.9866
KaNi,-160.249,21.9958
KaNi,-160.228,22.0211
KaNi,-160.223,22.0264
KaNi,-160.204,22.054
KaNi,-160.195,22.0654
KaNi,-160.172,22.0817
KaNi,-160.167,22.0841
KaNi,-160.139,22.0906
KaNi,-160.132,22.089
KaNi,-160.111,22.0881
KaNi,-160.106,22.087
KaNi,-160.083,22.0843
KaNi,-160.063,22.0817
KaNi,-160.056,22.081
KaNi,-160.033,22.0783
KaNi,-160.024,22.0743
KaNi,-160.014,22.072
KaNi,-160.01,22.0699
KaNi,-160.005,22.0562
KaNi,-160.003,22.0509
KaNi,-160.003,22.0275
KaNi,-160.003,22.0225
KaNi,-160.001,21.9994
KaNi,-160,21.9863
KaNi,-159.997,21.9744
KaNi,-159.988,21.955
KaNi,-159.985,21.9434
KaNi,-159.981,21.9342
KaNi,-159.972,21.9181
KaNi,-159.948,21.9434
KaNi,-159.945,21.9471
KaNi,-159.927,21.971
KaNi,-159.92,21.9956
KaNi,-159.92,22.0017
KaNi,-159.92,22.0264
KaNi,-159.92,22.054
KaNi,-159.917,22.0638
KaNi,-159.915,22.0807
KaNi,-159.911,22.1068
KaNi,-159.912,22.1115
KaNi,-159.912,22.135
KaNi,-159.91,22.14
KaNi,-159.901,22.1576
KaNi,-159.888,22.1617
KaNi,-159.86,22.1636
KaNi,-159.833,22.1824
KaNi,-159.829,22.1878
KaNi,-159.825,22.1958
KaNi,-159.82,22.2036
KaNi,-159.816,22.2073
KaNi,-159.809,22.2167
KaNi,-159.804,22.2194
KaNi,-159.785,22.2275
KaNi,-159.776,22.2299
KaNi,-159.761,22.2339
KaNi,-159.754,22.2366
KaNi,-159.749,22.2393
KaNi,-159.738,22.2424
KaNi,-159.729,22.2471
KaNi,-159.716,22.2544
KaNi,-159.692,22.274
KaNi,-159.687,22.2778
KaNi,-159.673,22.2864
KaNi,-159.657,22.2968
KaNi,-159.653,22.2998
KaNi,-159.645,22.3063
KaNi,-159.64,22.3101
KaNi,-159.63,22.3142
KaNi,-159.622,22.3187
KaNi,-159.614,22.3211
KaNi,-159.6,22.3232
KaNi,-159.584,22.3262
KaNi,-159.579,22.3267
KaNi,-159.56,22.3268
KaNi,-159.552,22.3271
KaNi,-159.535,22.3242
KaNi,-159.518,22.3183
KaNi,-159.512,22.318
KaNi,-159.502,22.3136
KaNi,-159.494,22.3124
KaNi,-159.466,22.3116
KaNi,-159.444,22.3081
KaNi,-159.438,22.3073
KaNi,-159.428,22.3062
KaNi,-159.423,22.3053
KaNi,-159.417,22.305
KaNi,-159.408,22.3055
KaNi,-159.382,22.3054
KaNi,-159.377,22.3057
KaNi,-159.351,22.301
KaNi,-159.346,22.2992
KaNi,-159.34,22.2973
KaNi,-159.332,22.2945
KaNi,-159.318,22.287
KaNi,-159.304,22.2797
KaNi,-159.296,22.273
KaNi,-159.275,22.2449
KaNi,-159.27,22.2403
KaNi,-159.263,22.2324
KaNi,-159.254,22.2182
KaNi,-159.227,22.191
KaNi,-159.211,22.1625
KaNi,-159.208,22.1591
KaNi,-159.208,22.1544
KaNi,-159.206,22.134
KaNi,-159.206,22.127
KaNi,-159.208,22.1079
KaNi,-159.209,22.1006
KaNi,-159.211,22.0915
KaNi,-159.213,22.0869
KaNi,-159.23,22.0611
KaNi,-159.232,22.0568
KaNi,-159.256,22.0292
KaNi,-159.262,22.0156
KaNi,-159.267,21.9997
KaNi,-159.269,21.9865
KaNi,-159.267,21.9601
KaNi,-159.269,21.9523
KaNi,-159.274,21.9351
KaNi,-159.274,21.9302
KaNi,-159.278,21.9266
KaNi,-159.281,21.9227
KaNi,-159.29,21.9117
KaNi,-159.309,21.8848
KaNi,-159.316,21.8779
KaNi,-159.34,21.8576
KaNi,-159.344,21.8542
KaNi,-159.347,21.8507
KaNi,-159.35,21.8467
KaNi,-159.355,21.8431
KaNi,-159.378,21.8231
KaNi,-159.387,21.8175
KaNi,-159.402,21.8106
KaNi,-159.408,21.8072
KaNi,-159.413,21.8056
KaNi,-159.423,21.8022
KaNi,-159.428,21.8005
KaNi,-159.445,21.7967
KaNi,-159.456,21.7951
KaNi,-159.474,21.7938
KaNi,-159.486,21.7951
KaNi,-159.491,21.7956
KaNi,-159.497,21.7969
KaNi,-159.502,21.7996
KaNi,-159.524,21.8154
KaNi,-159.53,21.82
KaNi,-159.554,21.8423
KaNi,-159.56,21.8434
KaNi,-159.567,21.8457
KaNi,-159.572,21.847
KaNi,-159.581,21.8474
KaNi,-159.588,21.8471
KaNi,-159.614,21.846
KaNi,-159.636,21.8497
KaNi,-159.643,21.8521
KaNi,-159.647,21.8537
KaNi,-159.657,21.8581
KaNi,-159.663,21.86
KaNi,-159.688,21.8617
KaNi,-159.695,21.862
KaNi,-159.714,21.8633
KaNi,-159.722,21.8709
KaNi,-159.732,21.8757
KaNi,-159.747,21.8873
KaNi,-159.752,21.8902
KaNi,-159.778,21.8943
KaNi,-159.785,21.8946
KaNi,-159.805,21.8923
KaNi,-159.811,21.8932
KaNi,-159.833,21.8956
KaNi,-159.842,21.8969
KaNi,-159.861,21.8947
KaNi,-159.867,21.8938
KaNi,-159.874,21.8877
KaNi,-159.885,21.8837
KaNi,-159.914,21.8847
KaNi,-159.922,21.8824
KaNi,-159.945,21.8753
KaNi,-159.969,21.8597
KaNi,-159.993,21.8386
KaNi,-160,21.833
KaNi,-160.01,21.822
KaNi,-160.026,21.8041
KaNi,-160.052,21.7764
KaNi,-160.073,21.7582
KaNi,-160.083,21.7505
KaNi,-160.113,21.7315
KaNi,-160.126,21.7229
KaNi,-160.143,21.7146
KaNi,-160.164,21.7062
KaNi,-160.173,21.702
KaNi,-160.177,21.6985
KaNi,-160.182,21.6953
KaNi,-160.203,21.6883
KaNi,-160.208,21.6859
KaNi,-160.235,21.6843
OUFI,-158.39,21.5589
OUFI,-158.393,21.5627
OUFI,-158.397,21.5675
OUFI,-158.401,21.5711
OUFI,-158.404,21.5746
OUFI,-158.412,21.594
OUFI,-158.416,21.6007
OUFI,-158.417,21.618
OUFI,-158.417,21.6341
OUFI,-158.416,21.6485
OUFI,-158.414,21.6625
OUFI,-158.411,21.6873
OUFI,-158.408,21.6934
OUFI,-158.417,21.7131
OUFI,-158.428,21.7103
OUFI,-158.445,21.7043
OUFI,-158.454,21.6934
OUFI,-158.472,21.6737
OUFI,-158.485,21.681
OUFI,-158.491,21.6934
OUFI,-158.488,21.7054
OUFI,-158.488,21.7211
OUFI,-158.472,21.7352
OUFI,-158.463,21.7308
OUFI,-158.445,21.7321
OUFI,-158.434,21.7315
OUFI,-158.417,21.7266
OUFI,-158.403,21.7346
OUFI,-158.389,21.736
OUFI,-158.378,21.738
OUFI,-158.361,21.7386
OUFI,-158.353,21.7413
OUFI,-158.333,21.7415
OUFI,-158.313,21.7411
OUFI,-158.305,21.7403
OUFI,-158.288,21.7387
OUFI,-158.278,21.7389
OUFI,-158.255,21.7436
OUFI,-158.25,21.7442
OUFI,-158.242,21.7487
OUFI,-158.222,21.7558
OUFI,-158.207,21.7645
OUFI,-158.195,21.7714
OUFI,-158.187,21.7764
OUFI,-158.167,21.7856
OUFI,-158.14,21.803
OUFI,-158.111,21.8265
OUFI,-158.102,21.8317
OUFI,-158.089,21.8382
OUFI,-158.083,21.8406
OUFI,-158.068,21.8443
OUFI,-158.055,21.8462
OUFI,-158.043,21.8469
OUFI,-158.028,21.8478
OUFI,-158.014,21.8462
OUFI,-158,21.8454
OUFI,-157.982,21.8387
OUFI,-157.972,21.8375
OUFI,-157.961,21.834
OUFI,-157.956,21.8311
OUFI,-157.93,21.8183
OUFI,-157.909,21.8135
OUFI,-157.898,21.8087
OUFI,-157.89,21.8083
OUFI,-157.883,21.8106
OUFI,-157.878,21.8113
OUFI,-157.872,21.8112
OUFI,-157.868,21.8094
OUFI,-157.863,21.8074
OUFI,-157.859,21.8042
OUFI,-157.854,21.8024
OUFI,-157.848,21.8005
OUFI,-157.843,21.7978
OUFI,-157.839,21.7932
OUFI,-157.836,21.7896
OUFI,-157.831,21.7884
OUFI,-157.826,21.7865
OUFI,-157.824,21.7814
OUFI,-157.82,21.7788
OUFI,-157.817,21.7742
OUFI,-157.812,21.7718
OUFI,-157.81,21.7669
OUFI,-157.811,21.762
OUFI,-157.811,21.757
OUFI,-157.812,21.7522
OUFI,-157.811,21.7476
OUFI,-157.809,21.7428
OUFI,-157.806,21.7379
OUFI,-157.803,21.7338
OUFI,-157.799,21.7282
OUFI,-157.799,21.7233
OUFI,-157.799,21.7187
OUFI,-157.797,21.7141
OUFI,-157.795,21.7099
OUFI,-157.793,21.7051
OUFI,-157.791,21.7002
OUFI,-157.789,21.6955
OUFI,-157.788,21.6905
OUFI,-157.787,21.6842
OUFI,-157.786,21.6794
OUFI,-157.781,21.6767
OUFI,-157.778,21.6726
OUFI,-157.776,21.6679
OUFI,-157.776,21.6631
OUFI,-157.775,21.6582
OUFI,-157.775,21.6527
OUFI,-157.778,21.6482
OUFI,-157.776,21.6437
OUFI,-157.772,21.6412
OUFI,-157.771,21.6365
OUFI,-157.774,21.6322
OUFI,-157.771,21.6269
OUFI,-157.766,21.6257
OUFI,-157.761,21.6268
OUFI,-157.756,21.6232
OUFI,-157.753,21.6184
OUFI,-157.748,21.6151
OUFI,-157.743,21.6134
OUFI,-157.74,21.6098
OUFI,-157.736,21.606
OUFI,-157.731,21.6052
OUFI,-157.726,21.606
OUFI,-157.726,21.6005
OUFI,-157.729,21.5961
OUFI,-157.731,21.5908
OUFI,-157.732,21.5861
OUFI,-157.733,21.5812
OUFI,-157.728,21.5823
OUFI,-157.725,21.5781
OUFI,-157.721,21.5809
OUFI,-157.719,21.5861
OUFI,-157.716,21.59
OUFI,-157.714,21.594
OUFI,-157.708,21.5949
OUFI,-157.703,21.5933
OUFI,-157.7,21.5892
OUFI,-157.697,21.5861
OUFI,-157.693,21.5827
OUFI,-157.69,21.5781
OUFI,-157.685,21.5758
OUFI,-157.683,21.5717
OUFI,-157.68,21.5672
OUFI,-157.675,21.5634
OUFI,-157.672,21.5669
OUFI,-157.67,21.5715
OUFI,-157.667,21.5748
OUFI,-157.661,21.5714
OUFI,-157.656,21.5678
OUFI,-157.652,21.56
OUFI,-157.652,21.5549
OUFI,-157.652,21.554
OUFI,-157.648,21.5512
OUFI,-157.644,21.5483
OUFI,-157.644,21.5434
OUFI,-157.647,21.5374
OUFI,-157.645,21.5331
OUFI,-157.641,21.5283
OUFI,-157.637,21.5261
OUFI,-157.633,21.5224
OUFI,-157.636,21.5181
OUFI,-157.637,21.5132
OUFI,-157.638,21.5086
OUFI,-157.632,21.5076
OUFI,-157.627,21.5084
OUFI,-157.626,21.501
OUFI,-157.626,21.4957
OUFI,-157.619,21.4937
OUFI,-157.614,21.4939
OUFI,-157.609,21.4913
OUFI,-157.603,21.4905
OUFI,-157.598,21.4911
OUFI,-157.592,21.4881
OUFI,-157.588,21.4861
OUFI,-157.583,21.4832
OUFI,-157.577,21.482
OUFI,-157.572,21.4837
OUFI,-157.567,21.4829
OUFI,-157.562,21.4829
OUFI,-157.557,21.4839
OUFI,-157.551,21.4847
OUFI,-157.546,21.4873
OUFI,-157.542,21.4896
OUFI,-157.537,21.4886
OUFI,-157.532,21.4888
OUFI,-157.527,21.4867
OUFI,-157.521,21.4859
OUFI,-157.516,21.4859
OUFI,-157.511,21.4844
OUFI,-157.506,21.4847
OUFI,-157.501,21.4865
OUFI,-157.496,21.4889
OUFI,-157.491,21.4904
OUFI,-157.486,21.4914
OUFI,-157.48,21.4907
OUFI,-157.475,21.4894
OUFI,-157.47,21.4885
OUFI,-157.464,21.4887
OUFI,-157.459,21.4898
OUFI,-157.453,21.4903
OUFI,-157.448,21.4899
OUFI,-157.442,21.4887
OUFI,-157.436,21.4877
OUFI,-157.432,21.4845
OUFI,-157.427,21.4818
OUFI,-157.421,21.4807
OUFI,-157.415,21.4804
OUFI,-157.41,21.4781
OUFI,-157.405,21.4779
OUFI,-157.4,21.4798
OUFI,-157.394,21.4803
OUFI,-157.387,21.4786
OUFI,-157.382,21.479
OUFI,-157.376,21.4794
OUFI,-157.372,21.4778
OUFI,-157.367,21.4764
OUFI,-157.361,21.4764
OUFI,-157.356,21.476
OUFI,-157.352,21.4744
OUFI,-157.347,21.4726
OUFI,-157.342,21.4719
OUFI,-157.337,21.4676
OUFI,-157.331,21.464
OUFI,-157.326,21.4645
OUFI,-157.321,21.4642
OUFI,-157.316,21.4625
OUFI,-157.31,21.4609
OUFI,-157.306,21.4579
OUFI,-157.303,21.453
OUFI,-157.3,21.4482
OUFI,-157.295,21.4498
OUFI,-157.291,21.4473
OUFI,-157.286,21.4449
OUFI,-157.281,21.4421
OUFI,-157.275,21.4395
OUFI,-157.267,21.4313
OUFI,-157.265,21.4211
OUFI,-157.263,21.4117
OUFI,-157.261,21.4073
OUFI,-157.257,21.401
OUFI,-157.253,21.3972
OUFI,-157.249,21.3937
OUFI,-157.242,21.3899
OUFI,-157.219,21.3737
OUFI,-157.204,21.3671
OUFI,-157.176,21.3572
OUFI,-157.167,21.3533
OUFI,-157.151,21.3474
OUFI,-157.139,21.3437
OUFI,-157.13,21.3403
OUFI,-157.109,21.334
OUFI,-157.097,21.3317
OUFI,-157.081,21.3272
OUFI,-157.059,21.3237
OUFI,-157.052,21.3233
OUFI,-157.032,21.3241
OUFI,-157.025,21.3253
OUFI,-157.003,21.3262
OUFI,-156.998,21.3249
OUFI,-156.976,21.3242
OUFI,-156.968,21.3205
OUFI,-156.95,21.3204
OUFI,-156.941,21.3208
OUFI,-156.923,21.3203
OUFI,-156.918,21.3227
OUFI,-156.912,21.321
OUFI,-156.893,21.3203
OUFI,-156.884,21.3197
OUFI,-156.865,21.3217
OUFI,-156.858,21.3246
OUFI,-156.837,21.3226
OUFI,-156.83,21.3234
OUFI,-156.81,21.3171
OUFI,-156.797,21.31
OUFI,-156.787,21.3042
OUFI,-156.762,21.2969
OUFI,-156.752,21.2986
OUFI,-156.743,21.2976
OUFI,-156.732,21.2982
OUFI,-156.721,21.2982
OUFI,-156.711,21.3041
OUFI,-156.7,21.3099
OUFI,-156.695,21.3143
OUFI,-156.682,21.3193
OUFI,-156.667,21.3222
OUFI,-156.657,21.3216
OUFI,-156.639,21.3167
OUFI,-156.615,21.3041
OUFI,-156.611,21.3013
OUFI,-156.583,21.2916
OUFI,-156.57,21.2913
OUFI,-156.555,21.2905
OUFI,-156.542,21.2908
OUFI,-156.532,21.3041
OUFI,-156.528,21.3074
OUFI,-156.512,21.3165
OUFI,-156.5,21.3209
OUFI,-156.485,21.3189
OUFI,-156.472,21.3145
OUFI,-156.466,21.3105
OUFI,-156.453,21.3041
OUFI,-156.449,21.2997
OUFI,-156.426,21.2955
OUFI,-156.417,21.294
OUFI,-156.403,21.2901
OUFI,-156.389,21.2859
OUFI,-156.362,21.2772
OUFI,-156.333,21.2697
OUFI,-156.313,21.2683
OUFI,-156.305,21.2641
OUFI,-156.294,21.26
OUFI,-156.28,21.2488
OUFI,-156.263,21.2354
OUFI,-156.25,21.2301
OUFI,-156.237,21.2211
OUFI,-156.222,21.212
OUFI,-156.198,21.1934
OUFI,-156.177,21.1658
OUFI,-156.167,21.1435
OUFI,-156.165,21.1378
OUFI,-156.164,21.1132
OUFI,-156.155,21.0935
OUFI,-156.139,21.0876
OUFI,-156.134,21.0865
OUFI,-156.111,21.088
OUFI,-156.099,21.0818
OUFI,-156.09,21.0746
OUFI,-156.083,21.0612
OUFI,-156.079,21.0541
OUFI,-156.083,21.0442
OUFI,-156.09,21.0264
OUFI,-156.09,21.0194
OUFI,-156.087,20.9988
OUFI,-156.085,20.9948
OUFI,-156.065,20.9674
OUFI,-156.056,20.9586
OUFI,-156.034,20.9411
OUFI,-156.028,20.9372
OUFI,-156.005,20.9139
OUFI,-155.997,20.8992
OUFI,-155.998,20.908
OUFI,-155.996,20.9039
OUFI,-155.991,20.8954
OUFI,-155.984,20.8847
OUFI,-155.973,20.8517
OUFI,-155.971,20.8461
OUFI,-155.954,20.816
OUFI,-155.952,20.8117
OUFI,-155.947,20.8089
OUFI,-155.942,20.8071
OUFI,-155.936,20.8037
OUFI,-155.933,20.7989
OUFI,-155.931,20.7945
OUFI,-155.926,20.7908
OUFI,-155.922,20.7874
OUFI,-155.917,20.7827
OUFI,-155.911,20.78
OUFI,-155.906,20.7758
OUFI,-155.903,20.7687
OUFI,-155.9,20.7633
OUFI,-155.896,20.7582
OUFI,-155.892,20.7537
OUFI,-155.891,20.749
OUFI,-155.891,20.7443
OUFI,-155.891,20.7393
OUFI,-155.892,20.7346
OUFI,-155.895,20.7302
OUFI,-155.899,20.7262
OUFI,-155.903,20.7221
OUFI,-155.906,20.716
OUFI,-155.909,20.7121
OUFI,-155.913,20.7097
OUFI,-155.918,20.7106
OUFI,-155.921,20.7068
OUFI,-155.923,20.7007
OUFI,-155.925,20.6959
OUFI,-155.929,20.6941
OUFI,-155.934,20.6921
OUFI,-155.937,20.6869
OUFI,-155.938,20.6812
OUFI,-155.939,20.6764
OUFI,-155.943,20.6718
OUFI,-155.949,20.6698
OUFI,-155.954,20.6683
OUFI,-155.957,20.6647
OUFI,-155.962,20.661
OUFI,-155.966,20.6573
OUFI,-155.97,20.6542
OUFI,-155.973,20.6497
OUFI,-155.978,20.6466
OUFI,-155.981,20.642
OUFI,-155.984,20.6381
OUFI,-155.99,20.6347
OUFI,-155.996,20.6324
OUFI,-156.003,20.629
OUFI,-156.007,20.6262
OUFI,-156.012,20.623
OUFI,-156.016,20.6195
OUFI,-156.02,20.6157
OUFI,-156.024,20.613
OUFI,-156.03,20.6103
OUFI,-156.034,20.6083
OUFI,-156.04,20.606
OUFI,-156.045,20.6044
OUFI,-156.052,20.6025
OUFI,-156.058,20.6
OUFI,-156.062,20.5975
OUFI,-156.066,20.5948
OUFI,-156.071,20.5927
OUFI,-156.076,20.5901
OUFI,-156.082,20.5864
OUFI,-156.087,20.5843
OUFI,-156.092,20.5822
OUFI,-156.099,20.5801
OUFI,-156.106,20.5775
OUFI,-156.113,20.5735
OUFI,-156.117,20.5721
OUFI,-156.124,20.5721
OUFI,-156.13,20.5717
OUFI,-156.135,20.5708
OUFI,-156.14,20.5694
OUFI,-156.146,20.5665
OUFI,-156.151,20.5653
OUFI,-156.156,20.5644
OUFI,-156.161,20.561
OUFI,-156.167,20.5573
OUFI,-156.17,20.5543
OUFI,-156.174,20.551
OUFI,-156.179,20.5503
OUFI,-156.185,20.5511
OUFI,-156.19,20.5507
OUFI,-156.194,20.5475
OUFI,-156.199,20.5444
OUFI,-156.203,20.5428
OUFI,-156.208,20.5414
OUFI,-156.214,20.5402
OUFI,-156.219,20.5394
OUFI,-156.223,20.5373
OUFI,-156.228,20.5336
OUFI,-156.232,20.5308
OUFI,-156.236,20.528
OUFI,-156.237,20.527
OUFI,-156.238,20.5262
OUFI,-156.243,20.5235
OUFI,-156.248,20.521
OUFI,-156.253,20.5187
OUFI,-156.258,20.5158
OUFI,-156.263,20.5136
OUFI,-156.268,20.5112
OUFI,-156.273,20.5099
OUFI,-156.278,20.5084
OUFI,-156.284,20.5074
OUFI,-156.288,20.5057
OUFI,-156.293,20.5045
OUFI,-156.298,20.5036
OUFI,-156.302,20.5025
OUFI,-156.307,20.5011
OUFI,-156.312,20.4998
OUFI,-156.317,20.4993
OUFI,-156.322,20.4989
OUFI,-156.327,20.4984
OUFI,-156.333,20.4949
OUFI,-156.337,20.4917
OUFI,-156.343,20.4914
OUFI,-156.349,20.491
OUFI,-156.355,20.491
OUFI,-156.36,20.4929
OUFI,-156.365,20.4927
OUFI,-156.371,20.4912
OUFI,-156.377,20.4901
OUFI,-156.381,20.4874
OUFI,-156.386,20.4859
OUFI,-156.388,20.4817
OUFI,-156.391,20.4778
OUFI,-156.396,20.4768
OUFI,-156.4,20.4787
OUFI,-156.405,20.4823
OUFI,-156.409,20.487
OUFI,-156.414,20.4845
OUFI,-156.421,20.4834
OUFI,-156.426,20.4807
OUFI,-156.432,20.4775
OUFI,-156.437,20.4739
OUFI,-156.443,20.4715
OUFI,-156.449,20.471
OUFI,-156.455,20.4733
OUFI,-156.461,20.4746
OUFI,-156.465,20.4764
OUFI,-156.468,20.4805
OUFI,-156.473,20.4823
OUFI,-156.477,20.4776
OUFI,-156.482,20.4794
OUFI,-156.487,20.4769
OUFI,-156.493,20.4752
OUFI,-156.499,20.4738
OUFI,-156.505,20.4726
OUFI,-156.512,20.4704
OUFI,-156.515,20.4676
OUFI,-156.523,20.4643
OUFI,-156.528,20.4647
OUFI,-156.534,20.4635
OUFI,-156.538,20.4603
OUFI,-156.542,20.4571
OUFI,-156.547,20.456
OUFI,-156.552,20.4543
OUFI,-156.557,20.4544
OUFI,-156.563,20.4535
OUFI,-156.569,20.4533
OUFI,-156.573,20.4577
OUFI,-156.576,20.4623
OUFI,-156.58,20.4643
OUFI,-156.585,20.4609
OUFI,-156.587,20.457
OUFI,-156.59,20.4526
OUFI,-156.595,20.4493
OUFI,-156.6,20.4484
OUFI,-156.605,20.449
OUFI,-156.61,20.4506
OUFI,-156.616,20.4519
OUFI,-156.62,20.4499
OUFI,-156.625,20.4488
OUFI,-156.63,20.4484
OUFI,-156.635,20.4489
OUFI,-156.64,20.4496
OUFI,-156.646,20.4515
OUFI,-156.651,20.452
OUFI,-156.656,20.4508
OUFI,-156.662,20.4512
OUFI,-156.666,20.4524
OUFI,-156.671,20.4499
OUFI,-156.675,20.4527
OUFI,-156.68,20.4538
OUFI,-156.685,20.4516
OUFI,-156.69,20.448
OUFI,-156.694,20.4456
OUFI,-156.702,20.4436
OUFI,-156.708,20.4453
OUFI,-156.715,20.4433
OUFI,-156.719,20.4422
OUFI,-156.724,20.4427
OUFI,-156.729,20.4423
OUFI,-156.735,20.4421
OUFI,-156.74,20.4416
OUFI,-156.746,20.441
OUFI,-156.751,20.4407
OUFI,-156.757,20.4407
OUFI,-156.763,20.439
OUFI,-156.768,20.4364
OUFI,-156.772,20.4325
OUFI,-156.776,20.4297
OUFI,-156.781,20.4276
OUFI,-156.786,20.4252
OUFI,-156.79,20.4213
OUFI,-156.792,20.4142
OUFI,-156.798,20.4122
OUFI,-156.804,20.4126
OUFI,-156.809,20.4105
OUFI,-156.814,20.409
OUFI,-156.819,20.4047
OUFI,-156.823,20.401
OUFI,-156.824,20.3961
OUFI,-156.823,20.39
OUFI,-156.827,20.3844
OUFI,-156.828,20.3798
OUFI,-156.829,20.3751
OUFI,-156.835,20.3712
OUFI,-156.842,20.3714
OUFI,-156.849,20.3736
OUFI,-156.855,20.3743
OUFI,-156.861,20.3772
OUFI,-156.866,20.3794
OUFI,-156.871,20.3817
OUFI,-156.877,20.3836
OUFI,-156.885,20.3843
OUFI,-156.892,20.3851
OUFI,-156.9,20.3858
OUFI,-156.907,20.3879
OUFI,-156.911,20.3912
OUFI,-156.916,20.3945
OUFI,-156.92,20.3975
OUFI,-156.924,20.3999
OUFI,-156.94,20.3999
OUFI,-156.955,20.398
OUFI,-156.966,20.3956
OUFI,-156.985,20.395
OUFI,-156.991,20.3947
OUFI,-156.998,20.3964
OUFI,-157.002,20.4008
OUFI,-157.006,20.4059
OUFI,-157.019,20.4157
OUFI,-157.025,20.4182
OUFI,-157.031,20.4204
OUFI,-157.037,20.4228
OUFI,-157.045,20.4205
OUFI,-157.052,20.4142
OUFI,-157.053,20.4242
OUFI,-157.054,20.4339
OUFI,-157.06,20.4368
OUFI,-157.065,20.4353
OUFI,-157.096,20.4459
OUFI,-157.103,20.4482
OUFI,-157.108,20.4493
OUFI,-157.108,20.4538
OUFI,-157.106,20.4587
OUFI,-157.109,20.4631
OUFI,-157.112,20.4677
OUFI,-157.117,20.4714
OUFI,-157.122,20.475
OUFI,-157.127,20.4778
OUFI,-157.133,20.4798
OUFI,-157.138,20.476
OUFI,-157.143,20.4729
OUFI,-157.146,20.4779
OUFI,-157.144,20.492
OUFI,-157.153,20.5118
OUFI,-157.151,20.5204
OUFI,-157.149,20.5313
OUFI,-157.152,20.5413
OUFI,-157.15,20.5472
OUFI,-157.157,20.5639
OUFI,-157.146,20.58
OUFI,-157.145,20.5851
OUFI,-157.141,20.5966
OUFI,-157.143,20.6036
OUFI,-157.145,20.6091
OUFI,-157.146,20.6303
OUFI,-157.147,20.6416
OUFI,-157.149,20.6528
OUFI,-157.149,20.6638
OUFI,-157.151,20.6755
OUFI,-157.152,20.6806
OUFI,-157.158,20.6945
OUFI,-157.158,20.7064
OUFI,-157.153,20.7253
OUFI,-157.151,20.7305
OUFI,-157.143,20.738
OUFI,-157.139,20.7489
OUFI,-157.139,20.7544
OUFI,-157.14,20.7629
OUFI,-157.138,20.7685
OUFI,-157.132,20.7684
OUFI,-157.13,20.7642
OUFI,-157.128,20.749
OUFI,-157.129,20.7546
OUFI,-157.124,20.7557
OUFI,-157.121,20.7597
OUFI,-157.121,20.767
OUFI,-157.121,20.7727
OUFI,-157.123,20.7772
OUFI,-157.124,20.7824
OUFI,-157.121,20.7871
OUFI,-157.125,20.7923
OUFI,-157.132,20.7931
OUFI,-157.134,20.7979
OUFI,-157.137,20.8038
OUFI,-157.138,20.8087
OUFI,-157.14,20.8137
OUFI,-157.144,20.8175
OUFI,-157.148,20.8207
OUFI,-157.153,20.8225
OUFI,-157.159,20.8245
OUFI,-157.164,20.8271
OUFI,-157.165,20.8317
OUFI,-157.16,20.8344
OUFI,-157.159,20.839
OUFI,-157.165,20.8408
OUFI,-157.171,20.8385
OUFI,-157.177,20.8383
OUFI,-157.182,20.8395
OUFI,-157.187,20.8425
OUFI,-157.187,20.8479
OUFI,-157.188,20.8533
OUFI,-157.184,20.8561
OUFI,-157.179,20.8567
OUFI,-157.171,20.8563
OUFI,-157.166,20.8546
OUFI,-157.16,20.8529
OUFI,-157.161,20.8484
OUFI,-157.159,20.8438
OUFI,-157.156,20.848
OUFI,-157.158,20.853
OUFI,-157.164,20.8569
OUFI,-157.168,20.8596
OUFI,-157.173,20.8621
OUFI,-157.175,20.8637
OUFI,-157.177,20.8693
OUFI,-157.187,20.8671
OUFI,-157.192,20.8669
OUFI,-157.201,20.8694
OUFI,-157.206,20.8722
OUFI,-157.207,20.8769
OUFI,-157.208,20.8825
OUFI,-157.203,20.8845
OUFI,-157.199,20.8879
OUFI,-157.206,20.892
OUFI,-157.203,20.8956
OUFI,-157.198,20.8995
OUFI,-157.204,20.9024
OUFI,-157.202,20.9068
OUFI,-157.207,20.909
OUFI,-157.212,20.9119
OUFI,-157.216,20.9153
OUFI,-157.219,20.9191
OUFI,-157.222,20.925
OUFI,-157.219,20.9299
OUFI,-157.219,20.9346
OUFI,-157.215,20.9376
OUFI,-157.208,20.9407
OUFI,-157.205,20.9445
OUFI,-157.199,20.9461
OUFI,-157.202,20.9508
OUFI,-157.208,20.9509
OUFI,-157.212,20.9541
OUFI,-157.213,20.9593
OUFI,-157.218,20.9624
OUFI,-157.223,20.9634
OUFI,-157.228,20.9652
OUFI,-157.232,20.9684
OUFI,-157.235,20.9734
OUFI,-157.24,20.9757
OUFI,-157.245,20.9772
OUFI,-157.251,20.981
OUFI,-157.253,20.9856
OUFI,-157.255,20.9903
OUFI,-157.262,20.9903
OUFI,-157.268,20.9902
OUFI,-157.273,20.9908
OUFI,-157.281,20.9902
OUFI,-157.286,20.9882
OUFI,-157.291,20.9864
OUFI,-157.297,20.9845
OUFI,-157.302,20.9823
OUFI,-157.306,20.9803
OUFI,-157.311,20.9782
OUFI,-157.315,20.975
OUFI,-157.32,20.9706
OUFI,-157.324,20.9669
OUFI,-157.328,20.962
OUFI,-157.333,20.959
OUFI,-157.337,20.9565
OUFI,-157.34,20.9525
OUFI,-157.344,20.9495
OUFI,-157.349,20.9479
OUFI,-157.354,20.9454
OUFI,-157.359,20.9425
OUFI,-157.363,20.9397
OUFI,-157.367,20.9368
OUFI,-157.373,20.9369
OUFI,-157.378,20.9376
OUFI,-157.384,20.9378
OUFI,-157.39,20.9378
OUFI,-157.395,20.9378
OUFI,-157.401,20.9367
OUFI,-157.406,20.9355
OUFI,-157.412,20.9337
OUFI,-157.417,20.9339
OUFI,-157.422,20.9321
OUFI,-157.427,20.932
OUFI,-157.432,20.9332
OUFI,-157.437,20.9322
OUFI,-157.442,20.9299
OUFI,-157.447,20.9273
OUFI,-157.452,20.9264
OUFI,-157.458,20.9273
OUFI,-157.463,20.9266
OUFI,-157.467,20.9243
OUFI,-157.472,20.924
OUFI,-157.477,20.9238
OUFI,-157.482,20.9206
OUFI,-157.486,20.9177
OUFI,-157.492,20.9164
OUFI,-157.498,20.9154
OUFI,-157.504,20.9141
OUFI,-157.509,20.9123
OUFI,-157.515,20.912
OUFI,-157.52,20.9129
OUFI,-157.526,20.9117
OUFI,-157.531,20.9099
OUFI,-157.536,20.9075
OUFI,-157.541,20.9051
OUFI,-157.546,20.9028
OUFI,-157.551,20.9009
OUFI,-157.556,20.8988
OUFI,-157.561,20.8952
OUFI,-157.566,20.8927
OUFI,-157.571,20.8915
OUFI,-157.576,20.8894
OUFI,-157.58,20.887
OUFI,-157.585,20.8851
OUFI,-157.59,20.8827
OUFI,-157.594,20.88
OUFI,-157.597,20.8764
OUFI,-157.601,20.8733
OUFI,-157.605,20.8703
OUFI,-157.61,20.8676
OUFI,-157.61,20.8676
OUFI,-157.615,20.8646
OUFI,-157.62,20.8626
OUFI,-157.624,20.8608
OUFI,-157.629,20.8587
OUFI,-157.635,20.8564
OUFI,-157.641,20.8543
OUFI,-157.645,20.8524
OUFI,-157.659,20.8451
OUFI,-157.664,20.843
OUFI,-157.669,20.8403
OUFI,-157.675,20.8375
OUFI,-157.681,20.8346
OUFI,-157.687,20.8322
OUFI,-157.693,20.8315
OUFI,-157.698,20.8299
OUFI,-157.704,20.8279
OUFI,-157.709,20.8257
OUFI,-157.715,20.8234
OUFI,-157.72,20.8208
OUFI,-157.735,20.8121
OUFI,-157.74,20.8089
OUFI,-157.745,20.8058
OUFI,-157.749,20.8051
OUFI,-157.754,20.8047
OUFI,-157.761,20.8011
OUFI,-157.766,20.8017
OUFI,-157.786,20.8055
OUFI,-157.782,20.8316
OUFI,-157.783,20.8369
OUFI,-157.782,20.8435
OUFI,-157.781,20.8499
OUFI,-157.781,20.8554
OUFI,-157.782,20.8602
OUFI,-157.783,20.8652
OUFI,-157.793,20.8863
OUFI,-157.793,20.893
OUFI,-157.789,20.9001
OUFI,-157.79,20.9064
OUFI,-157.794,20.9106
OUFI,-157.797,20.9147
OUFI,-157.797,20.9217
OUFI,-157.797,20.927
OUFI,-157.797,20.9322
OUFI,-157.799,20.938
OUFI,-157.806,20.9528
OUFI,-157.808,20.9594
OUFI,-157.812,20.971
OUFI,-157.817,20.9815
OUFI,-157.827,20.9949
OUFI,-157.831,20.9999
OUFI,-157.836,21.0041
OUFI,-157.853,21.0115
OUFI,-157.868,21.0103
OUFI,-157.884,21.0061
OUFI,-157.892,21.0043
OUFI,-157.915,21.0031
OUFI,-157.92,21.0039
OUFI,-157.946,21.0012
OUFI,-157.956,20.9988
OUFI,-157.972,20.9964
OUFI,-157.981,20.9988
OUFI,-157.996,21.0046
OUFI,-158.001,21.0061
OUFI,-158.006,21.0081
OUFI,-158.019,21.0198
OUFI,-158.025,21.0275
OUFI,-158.038,21.041
OUFI,-158.046,21.0536
OUFI,-158.052,21.064
OUFI,-158.051,21.0685
OUFI,-158.054,21.0759
OUFI,-158.056,21.0809
OUFI,-158.059,21.0857
OUFI,-158.064,21.0884
OUFI,-158.068,21.0893
OUFI,-158.074,21.0922
OUFI,-158.077,21.0954
OUFI,-158.08,21.0993
OUFI,-158.084,21.1034
OUFI,-158.087,21.107
OUFI,-158.091,21.1136
OUFI,-158.093,21.1189
OUFI,-158.095,21.1241
OUFI,-158.097,21.1285
OUFI,-158.098,21.1339
OUFI,-158.1,21.1396
OUFI,-158.104,21.1447
OUFI,-158.109,21.1494
OUFI,-158.112,21.153
OUFI,-158.113,21.1578
OUFI,-158.117,21.1626
OUFI,-158.123,21.1708
OUFI,-158.124,21.177
OUFI,-158.125,21.1819
OUFI,-158.128,21.1858
OUFI,-158.132,21.1906
OUFI,-158.137,21.1921
OUFI,-158.141,21.1962
OUFI,-158.14,21.2009
OUFI,-158.143,21.2051
OUFI,-158.147,21.2087
OUFI,-158.15,21.2123
OUFI,-158.153,21.2162
OUFI,-158.157,21.2203
OUFI,-158.16,21.2251
OUFI,-158.161,21.2302
OUFI,-158.165,21.2335
OUFI,-158.168,21.2375
OUFI,-158.169,21.2419
OUFI,-158.17,21.2478
OUFI,-158.173,21.2523
OUFI,-158.174,21.2576
OUFI,-158.178,21.2612
OUFI,-158.183,21.2639
OUFI,-158.185,21.2684
OUFI,-158.187,21.2756
OUFI,-158.186,21.2809
OUFI,-158.184,21.2861
OUFI,-158.189,21.2896
OUFI,-158.194,21.2936
OUFI,-158.196,21.2989
OUFI,-158.2,21.3045
OUFI,-158.203,21.308
OUFI,-158.203,21.3152
OUFI,-158.2,21.3203
OUFI,-158.199,21.3261
OUFI,-158.199,21.3306
OUFI,-158.201,21.337
OUFI,-158.201,21.3423
OUFI,-158.206,21.3464
OUFI,-158.21,21.3486
OUFI,-158.215,21.3506
OUFI,-158.221,21.3518
OUFI,-158.225,21.3545
OUFI,-158.227,21.3585
OUFI,-158.23,21.3653
OUFI,-158.232,21.3704
OUFI,-158.238,21.3728
OUFI,-158.242,21.3766
OUFI,-158.245,21.3828
OUFI,-158.249,21.3857
OUFI,-158.256,21.3866
OUFI,-158.263,21.3865
OUFI,-158.268,21.3871
OUFI,-158.273,21.391
OUFI,-158.276,21.3969
OUFI,-158.276,21.4018
OUFI,-158.274,21.4065
OUFI,-158.273,21.4119
OUFI,-158.276,21.4174
OUFI,-158.28,21.4202
OUFI,-158.284,21.4229
OUFI,-158.288,21.4263
OUFI,-158.291,21.4306
OUFI,-158.289,21.437
OUFI,-158.288,21.4415
OUFI,-158.29,21.4464
OUFI,-158.295,21.4487
OUFI,-158.3,21.4523
OUFI,-158.303,21.4558
OUFI,-158.304,21.4631
OUFI,-158.302,21.4671
OUFI,-158.297,21.4698
OUFI,-158.294,21.473
OUFI,-158.293,21.478
OUFI,-158.294,21.4832
OUFI,-158.295,21.4878
OUFI,-158.298,21.4921
OUFI,-158.301,21.4956
OUFI,-158.305,21.5
OUFI,-158.306,21.5046
OUFI,-158.309,21.5091
OUFI,-158.313,21.5129
OUFI,-158.318,21.5146
OUFI,-158.324,21.5171
OUFI,-158.328,21.5192
OUFI,-158.333,21.5224
OUFI,-158.337,21.5269
OUFI,-158.34,21.5315
OUFI,-158.344,21.5348
OUFI,-158.35,21.5352
OUFI,-158.353,21.5389
OUFI,-158.357,21.5437
OUFI,-158.361,21.5461
OUFI,-158.366,21.5482
OUFI,-158.371,21.5504
OUFI,-158.376,21.553
OUFI,-158.381,21.5561
OUFI,-158.386,21.5571
OUFI,-158.39,21.5589
BI,-156.096,20.3363
BI,-156.095,20.3411
BI,-156.093,20.3462
BI,-156.092,20.352
BI,-156.091,20.3566
BI,-156.091,20.3624
BI,-156.088,20.3668
BI,-156.085,20.3741
BI,-156.082,20.3811
BI,-156.08,20.3881
BI,-156.077,20.3944
BI,-156.073,20.3974
BI,-156.07,20.4012
BI,-156.067,20.4054
BI,-156.064,20.4114
BI,-156.063,20.4187
BI,-156.061,20.4237
BI,-156.059,20.4294
BI,-156.056,20.435
BI,-156.054,20.4396
BI,-156.051,20.4444
BI,-156.049,20.4496
BI,-156.045,20.454
BI,-156.041,20.4562
BI,-156.035,20.4575
BI,-156.03,20.4592
BI,-156.026,20.4645
BI,-156.021,20.4681
BI,-156.016,20.4702
BI,-156.01,20.4723
BI,-156.005,20.475
BI,-156.001,20.4785
BI,-155.996,20.4802
BI,-155.991,20.481
BI,-155.983,20.4813
BI,-155.977,20.4814
BI,-155.972,20.482
BI,-155.966,20.4813
BI,-155.96,20.4803
BI,-155.953,20.4817
BI,-155.948,20.4822
BI,-155.942,20.4806
BI,-155.935,20.4785
BI,-155.928,20.4762
BI,-155.924,20.4737
BI,-155.92,20.4706
BI,-155.916,20.4681
BI,-155.911,20.4682
BI,-155.906,20.4682
BI,-155.9,20.4675
BI,-155.894,20.4669
BI,-155.888,20.4655
BI,-155.883,20.4636
BI,-155.877,20.462
BI,-155.872,20.4605
BI,-155.868,20.4572
BI,-155.863,20.4541
BI,-155.857,20.451
BI,-155.853,20.4488
BI,-155.848,20.4478
BI,-155.842,20.4465
BI,-155.841,20.4418
BI,-155.839,20.4376
BI,-155.833,20.4358
BI,-155.828,20.4343
BI,-155.823,20.4329
BI,-155.819,20.4293
BI,-155.817,20.4253
BI,-155.812,20.4227
BI,-155.807,20.4201
BI,-155.801,20.4169
BI,-155.797,20.4125
BI,-155.793,20.4095
BI,-155.788,20.4082
BI,-155.782,20.4072
BI,-155.777,20.4065
BI,-155.772,20.4064
BI,-155.767,20.4054
BI,-155.762,20.4041
BI,-155.757,20.4041
BI,-155.752,20.4041
BI,-155.747,20.4016
BI,-155.741,20.4032
BI,-155.736,20.404
BI,-155.73,20.4036
BI,-155.727,20.4
BI,-155.722,20.3973
BI,-155.717,20.3962
BI,-155.711,20.3958
BI,-155.707,20.3951
BI,-155.701,20.3949
BI,-155.694,20.3949
BI,-155.688,20.3939
BI,-155.683,20.3921
BI,-155.68,20.388
BI,-155.675,20.3854
BI,-155.67,20.3866
BI,-155.665,20.3881
BI,-155.661,20.391
BI,-155.655,20.3932
BI,-155.651,20.391
BI,-155.647,20.3877
BI,-155.642,20.3902
BI,-155.636,20.3899
BI,-155.633,20.3836
BI,-155.629,20.3801
BI,-155.628,20.3799
BI,-155.623,20.3807
BI,-155.617,20.3813
BI,-155.612,20.3811
BI,-155.606,20.3818
BI,-155.601,20.3813
BI,-155.596,20.3802
BI,-155.59,20.3795
BI,-155.586,20.3802
BI,-155.58,20.3792
BI,-155.574,20.3787
BI,-155.568,20.3782
BI,-155.562,20.3776
BI,-155.557,20.3769
BI,-155.551,20.3762
BI,-155.546,20.3749
BI,-155.541,20.3734
BI,-155.538,20.3696
BI,-155.534,20.3662
BI,-155.53,20.3637
BI,-155.525,20.3591
BI,-155.52,20.3563
BI,-155.516,20.3537
BI,-155.512,20.3505
BI,-155.508,20.3458
BI,-155.506,20.3417
BI,-155.502,20.338
BI,-155.497,20.3376
BI,-155.492,20.3367
BI,-155.486,20.3356
BI,-155.48,20.3345
BI,-155.476,20.3311
BI,-155.472,20.3258
BI,-155.467,20.3261
BI,-155.462,20.3289
BI,-155.457,20.3257
BI,-155.455,20.3214
BI,-155.453,20.317
BI,-155.451,20.3123
BI,-155.451,20.302
BI,-155.456,20.3001
BI,-155.461,20.2996
BI,-155.466,20.2983
BI,-155.472,20.2985
BI,-155.475,20.3025
BI,-155.479,20.3
BI,-155.484,20.2978
BI,-155.489,20.2951
BI,-155.491,20.2907
BI,-155.49,20.2861
BI,-155.487,20.2815
BI,-155.486,20.2769
BI,-155.485,20.2722
BI,-155.483,20.2674
BI,-155.48,20.2627
BI,-155.477,20.2586
BI,-155.473,20.2555
BI,-155.474,20.2499
BI,-155.47,20.2458
BI,-155.469,20.2384
BI,-155.463,20.2371
BI,-155.457,20.2365
BI,-155.451,20.2348
BI,-155.447,20.2325
BI,-155.443,20.2296
BI,-155.438,20.2265
BI,-155.436,20.2198
BI,-155.437,20.2145
BI,-155.432,20.2105
BI,-155.428,20.2084
BI,-155.423,20.2067
BI,-155.417,20.2048
BI,-155.412,20.203
BI,-155.408,20.2017
BI,-155.402,20.2013
BI,-155.397,20.2002
BI,-155.4,20.196
BI,-155.402,20.1905
BI,-155.4,20.1849
BI,-155.395,20.1837
BI,-155.39,20.1804
BI,-155.384,20.1776
BI,-155.379,20.175
BI,-155.373,20.1739
BI,-155.37,20.1706
BI,-155.366,20.167
BI,-155.361,20.1631
BI,-155.355,20.1612
BI,-155.348,20.1604
BI,-155.343,20.1594
BI,-155.338,20.1578
BI,-155.332,20.1571
BI,-155.328,20.1547
BI,-155.324,20.1524
BI,-155.319,20.1504
BI,-155.314,20.1492
BI,-155.307,20.1474
BI,-155.302,20.1456
BI,-155.297,20.1423
BI,-155.294,20.139
BI,-155.289,20.1357
BI,-155.284,20.1324
BI,-155.283,20.1323
BI,-155.278,20.1288
BI,-155.274,20.126
BI,-155.269,20.1232
BI,-155.264,20.1207
BI,-155.261,20.1173
BI,-155.256,20.1148
BI,-155.251,20.112
BI,-155.247,20.1081
BI,-155.244,20.1034
BI,-155.24,20.0997
BI,-155.234,20.0982
BI,-155.23,20.0949
BI,-155.226,20.0918
BI,-155.222,20.0876
BI,-155.218,20.084
BI,-155.215,20.0806
BI,-155.212,20.0764
BI,-155.208,20.0727
BI,-155.204,20.0693
BI,-155.2,20.0656
BI,-155.195,20.0634
BI,-155.19,20.0609
BI,-155.186,20.0579
BI,-155.182,20.0541
BI,-155.178,20.0499
BI,-155.173,20.0471
BI,-155.169,20.0447
BI,-155.164,20.0426
BI,-155.159,20.0406
BI,-155.154,20.0391
BI,-155.149,20.0375
BI,-155.145,20.0351
BI,-155.14,20.0324
BI,-155.134,20.0304
BI,-155.129,20.028
BI,-155.125,20.026
BI,-155.12,20.0252
BI,-155.115,20.0247
BI,-155.11,20.0232
BI,-155.105,20.0212
BI,-155.1,20.0205
BI,-155.095,20.0193
BI,-155.09,20.0174
BI,-155.085,20.015
BI,-155.08,20.0128
BI,-155.075,20.0099
BI,-155.07,20.0075
BI,-155.065,20.0059
BI,-155.061,20.0042
BI,-155.055,20.0019
BI,-155.05,20.0007
BI,-155.045,19.9996
BI,-155.041,19.9971
BI,-155.037,19.9948
BI,-155.031,19.9927
BI,-155.027,19.9905
BI,-155.021,19.988
BI,-155.016,19.9859
BI,-155.012,19.983
BI,-155.008,19.9794
BI,-155.004,19.9759
BI,-155,19.9727
BI,-154.995,19.9707
BI,-154.991,19.9687
BI,-154.987,19.9661
BI,-154.982,19.9657
BI,-154.977,19.9647
BI,-154.973,19.9622
BI,-154.97,19.9579
BI,-154.965,19.9549
BI,-154.961,19.951
BI,-154.957,19.9486
BI,-154.952,19.9456
BI,-154.948,19.9427
BI,-154.944,19.9388
BI,-154.941,19.9347
BI,-154.938,19.9302
BI,-154.936,19.926
BI,-154.934,19.9219
BI,-154.933,19.9175
BI,-154.931,19.913
BI,-154.93,19.9081
BI,-154.929,19.9037
BI,-154.926,19.8992
BI,-154.924,19.8947
BI,-154.922,19.8902
BI,-154.921,19.8857
BI,-154.919,19.8809
BI,-154.916,19.8766
BI,-154.914,19.8716
BI,-154.912,19.8676
BI,-154.909,19.8631
BI,-154.908,19.8574
BI,-154.908,19.8516
BI,-154.909,19.8465
BI,-154.912,19.8422
BI,-154.915,19.8387
BI,-154.919,19.8347
BI,-154.922,19.8292
BI,-154.926,19.824
BI,-154.929,19.8199
BI,-154.931,19.8143
BI,-154.933,19.8115
BI,-154.937,19.8082
BI,-154.939,19.8042
BI,-154.941,19.7999
BI,-154.943,19.7955
BI,-154.944,19.791
BI,-154.945,19.7864
BI,-154.944,19.7818
BI,-154.944,19.7772
BI,-154.946,19.7727
BI,-154.949,19.7655
BI,-154.951,19.7608
BI,-154.955,19.7566
BI,-154.957,19.7523
BI,-154.957,19.747
BI,-154.958,19.7421
BI,-154.96,19.7368
BI,-154.961,19.7315
BI,-154.961,19.7247
BI,-154.96,19.7202
BI,-154.96,19.7154
BI,-154.959,19.7097
BI,-154.957,19.705
BI,-154.955,19.7006
BI,-154.952,19.6961
BI,-154.95,19.6915
BI,-154.947,19.687
BI,-154.945,19.6816
BI,-154.942,19.6762
BI,-154.94,19.6703
BI,-154.937,19.6646
BI,-154.935,19.6602
BI,-154.933,19.6558
BI,-154.932,19.6509
BI,-154.93,19.6463
BI,-154.928,19.6418
BI,-154.926,19.6365
BI,-154.923,19.6316
BI,-154.92,19.6279
BI,-154.917,19.6234
BI,-154.916,19.6182
BI,-154.913,19.6124
BI,-154.911,19.6079
BI,-154.907,19.6032
BI,-154.903,19.5998
BI,-154.899,19.5962
BI,-154.895,19.593
BI,-154.891,19.59
BI,-154.886,19.5872
BI,-154.88,19.5851
BI,-154.877,19.5816
BI,-154.872,19.5786
BI,-154.868,19.5768
BI,-154.862,19.575
BI,-154.855,19.5725
BI,-154.85,19.5707
BI,-154.845,19.5682
BI,-154.838,19.5668
BI,-154.831,19.5661
BI,-154.826,19.568
BI,-154.821,19.5711
BI,-154.818,19.5669
BI,-154.813,19.5668
BI,-154.808,19.5684
BI,-154.804,19.573
BI,-154.798,19.5729
BI,-154.767,19.5629
BI,-154.754,19.554
BI,-154.746,19.5528
BI,-154.751,19.5489
BI,-154.757,19.5441
BI,-154.752,19.5391
BI,-154.747,19.5389
BI,-154.742,19.5392
BI,-154.753,19.5337
BI,-154.761,19.5268
BI,-154.765,19.5214
BI,-154.768,19.5169
BI,-154.769,19.5115
BI,-154.768,19.5067
BI,-154.77,19.5018
BI,-154.78,19.4864
BI,-154.782,19.4803
BI,-154.787,19.4776
BI,-154.794,19.4773
BI,-154.797,19.4723
BI,-154.8,19.4668
BI,-154.801,19.4623
BI,-154.805,19.456
BI,-154.809,19.453
BI,-154.813,19.451
BI,-154.817,19.4487
BI,-154.822,19.446
BI,-154.826,19.4429
BI,-154.83,19.4401
BI,-154.834,19.4367
BI,-154.839,19.4339
BI,-154.845,19.4286
BI,-154.848,19.4252
BI,-154.852,19.422
BI,-154.856,19.4193
BI,-154.861,19.415
BI,-154.864,19.4115
BI,-154.867,19.4069
BI,-154.872,19.4049
BI,-154.877,19.4019
BI,-154.88,19.3985
BI,-154.886,19.3944
BI,-154.891,19.3918
BI,-154.896,19.3897
BI,-154.9,19.3871
BI,-154.907,19.382
BI,-154.911,19.3794
BI,-154.916,19.376
BI,-154.919,19.3723
BI,-154.924,19.3676
BI,-154.928,19.3635
BI,-154.932,19.3603
BI,-154.936,19.3572
BI,-154.94,19.3542
BI,-154.945,19.3494
BI,-154.947,19.3453
BI,-154.951,19.3423
BI,-154.955,19.3391
BI,-154.959,19.3356
BI,-154.963,19.332
BI,-154.968,19.3291
BI,-154.973,19.3274
BI,-154.978,19.3259
BI,-154.982,19.3237
BI,-154.987,19.321
BI,-154.992,19.3183
BI,-154.996,19.3163
BI,-155.001,19.3144
BI,-155.008,19.312
BI,-155.013,19.3098
BI,-155.021,19.3068
BI,-155.025,19.3044
BI,-155.03,19.301
BI,-155.035,19.2983
BI,-155.039,19.2947
BI,-155.042,19.2895
BI,-155.046,19.2904
BI,-155.052,19.2901
BI,-155.057,19.2887
BI,-155.063,19.2864
BI,-155.067,19.2823
BI,-155.071,19.2783
BI,-155.076,19.2756
BI,-155.081,19.2741
BI,-155.087,19.2715
BI,-155.091,19.2693
BI,-155.095,19.2668
BI,-155.1,19.2634
BI,-155.103,19.2598
BI,-155.107,19.2571
BI,-155.111,19.255
BI,-155.116,19.2526
BI,-155.12,19.2496
BI,-155.126,19.2464
BI,-155.133,19.243
BI,-155.138,19.2406
BI,-155.143,19.2379
BI,-155.147,19.2352
BI,-155.152,19.2322
BI,-155.157,19.2308
BI,-155.162,19.2275
BI,-155.165,19.224
BI,-155.169,19.2196
BI,-155.173,19.2154
BI,-155.177,19.2113
BI,-155.184,19.2086
BI,-155.188,19.2044
BI,-155.192,19.2019
BI,-155.196,19.1997
BI,-155.201,19.198
BI,-155.21,19.1971
BI,-155.216,19.1949
BI,-155.22,19.1932
BI,-155.226,19.1916
BI,-155.231,19.1908
BI,-155.236,19.1905
BI,-155.244,19.1907
BI,-155.249,19.1903
BI,-155.256,19.1899
BI,-155.261,19.1892
BI,-155.266,19.1902
BI,-155.272,19.1913
BI,-155.277,19.1929
BI,-155.283,19.1952
BI,-155.291,19.197
BI,-155.299,19.1972
BI,-155.304,19.1958
BI,-155.308,19.1927
BI,-155.314,19.1918
BI,-155.321,19.1943
BI,-155.325,19.1954
BI,-155.331,19.1938
BI,-155.336,19.1901
BI,-155.338,19.1857
BI,-155.338,19.1805
BI,-155.337,19.1756
BI,-155.336,19.1712
BI,-155.336,19.1666
BI,-155.341,19.1645
BI,-155.345,19.1668
BI,-155.35,19.1689
BI,-155.353,19.1725
BI,-155.358,19.1719
BI,-155.363,19.1711
BI,-155.368,19.171
BI,-155.373,19.17
BI,-155.378,19.1694
BI,-155.382,19.1677
BI,-155.388,19.1663
BI,-155.393,19.164
BI,-155.396,19.1603
BI,-155.4,19.1556
BI,-155.403,19.1524
BI,-155.407,19.1491
BI,-155.411,19.146
BI,-155.415,19.1417
BI,-155.417,19.1374
BI,-155.42,19.1327
BI,-155.421,19.1282
BI,-155.422,19.1233
BI,-155.422,19.1181
BI,-155.42,19.1131
BI,-155.421,19.108
BI,-155.425,19.1032
BI,-155.428,19.0997
BI,-155.433,19.101
BI,-155.434,19.0957
BI,-155.432,19.0913
BI,-155.434,19.0871
BI,-155.432,19.0827
BI,-155.437,19.0818
BI,-155.442,19.084
BI,-155.447,19.0833
BI,-155.453,19.0838
BI,-155.456,19.0802
BI,-155.459,19.0769
BI,-155.464,19.0738
BI,-155.468,19.071
BI,-155.473,19.0716
BI,-155.479,19.0717
BI,-155.484,19.0737
BI,-155.487,19.0779
BI,-155.491,19.0811
BI,-155.494,19.077
BI,-155.498,19.074
BI,-155.503,19.0732
BI,-155.506,19.0691
BI,-155.508,19.0643
BI,-155.509,19.0595
BI,-155.51,19.0546
BI,-155.511,19.0497
BI,-155.511,19.0446
BI,-155.51,19.0397
BI,-155.513,19.0357
BI,-155.516,19.0326
BI,-155.521,19.0303
BI,-155.525,19.0278
BI,-155.528,19.0246
BI,-155.534,19.0219
BI,-155.539,19.0204
BI,-155.543,19.0178
BI,-155.547,19.0144
BI,-155.551,19.0113
BI,-155.555,19.0086
BI,-155.558,19.0051
BI,-155.561,19.0007
BI,-155.563,18.9967
BI,-155.566,18.9933
BI,-155.569,18.9893
BI,-155.571,18.985
BI,-155.571,18.9805
BI,-155.572,18.9758
BI,-155.574,18.9713
BI,-155.577,18.967
BI,-155.579,18.962
BI,-155.582,18.9578
BI,-155.584,18.9539
BI,-155.585,18.949
BI,-155.586,18.9443
BI,-155.589,18.94
BI,-155.59,18.9353
BI,-155.593,18.9307
BI,-155.596,18.9264
BI,-155.598,18.9218
BI,-155.601,18.918
BI,-155.604,18.9132
BI,-155.608,18.9099
BI,-155.612,18.9063
BI,-155.615,18.9023
BI,-155.618,18.8985
BI,-155.621,18.8949
BI,-155.625,18.8912
BI,-155.63,18.8876
BI,-155.634,18.884
BI,-155.636,18.8796
BI,-155.64,18.8748
BI,-155.645,18.8722
BI,-155.648,18.8673
BI,-155.649,18.8628
BI,-155.65,18.8578
BI,-155.654,18.8547
BI,-155.657,18.8509
BI,-155.66,18.8466
BI,-155.663,18.8422
BI,-155.667,18.8387
BI,-155.673,18.835
BI,-155.675,18.8305
BI,-155.677,18.8255
BI,-155.679,18.8195
BI,-155.683,18.8157
BI,-155.689,18.815
BI,-155.693,18.8123
BI,-155.694,18.8074
BI,-155.7,18.8032
BI,-155.704,18.8016
BI,-155.709,18.8057
BI,-155.71,18.8104
BI,-155.711,18.8155
BI,-155.711,18.8161
BI,-155.712,18.8208
BI,-155.714,18.8255
BI,-155.716,18.8314
BI,-155.716,18.8361
BI,-155.714,18.8415
BI,-155.711,18.8469
BI,-155.71,18.8516
BI,-155.71,18.8566
BI,-155.711,18.8612
BI,-155.711,18.8661
BI,-155.71,18.8708
BI,-155.708,18.8751
BI,-155.707,18.8796
BI,-155.707,18.8843
BI,-155.707,18.8893
BI,-155.707,18.8942
BI,-155.706,18.9008
BI,-155.706,18.9054
BI,-155.706,18.9107
BI,-155.708,18.9156
BI,-155.711,18.9194
BI,-155.713,18.9247
BI,-155.719,18.9276
BI,-155.724,18.9308
BI,-155.728,18.9351
BI,-155.732,18.9381
BI,-155.736,18.9408
BI,-155.743,18.9433
BI,-155.749,18.9446
BI,-155.756,18.9462
BI,-155.762,18.95
BI,-155.767,18.953
BI,-155.773,18.953
BI,-155.778,18.9543
BI,-155.784,18.956
BI,-155.788,18.9593
BI,-155.793,18.9621
BI,-155.797,18.9662
BI,-155.801,18.9699
BI,-155.806,18.9729
BI,-155.813,18.9723
BI,-155.818,18.9721
BI,-155.824,18.9716
BI,-155.829,18.9748
BI,-155.834,18.9776
BI,-155.836,18.9822
BI,-155.836,18.9873
BI,-155.841,18.9913
BI,-155.845,18.9946
BI,-155.848,18.9975
BI,-155.854,18.9985
BI,-155.861,18.9984
BI,-155.866,18.9996
BI,-155.871,19.0029
BI,-155.874,19.0069
BI,-155.878,19.0101
BI,-155.883,19.0121
BI,-155.887,19.0137
BI,-155.893,19.0169
BI,-155.898,19.0198
BI,-155.901,19.0226
BI,-155.905,19.0258
BI,-155.909,19.0295
BI,-155.913,19.0342
BI,-155.918,19.0369
BI,-155.922,19.042
BI,-155.924,19.0474
BI,-155.927,19.0515
BI,-155.932,19.0541
BI,-155.937,19.0564
BI,-155.939,19.0605
BI,-155.938,19.0658
BI,-155.937,19.0702
BI,-155.933,19.0736
BI,-155.931,19.078
BI,-155.932,19.0833
BI,-155.934,19.0878
BI,-155.936,19.0927
BI,-155.938,19.0979
BI,-155.939,19.1031
BI,-155.942,19.1083
BI,-155.943,19.1147
BI,-155.942,19.1205
BI,-155.943,19.1278
BI,-155.945,19.1342
BI,-155.946,19.1413
BI,-155.946,19.1458
BI,-155.946,19.1507
BI,-155.948,19.1557
BI,-155.949,19.1624
BI,-155.947,19.1694
BI,-155.946,19.1739
BI,-155.943,19.1768
BI,-155.938,19.1809
BI,-155.937,19.1864
BI,-155.936,19.1911
BI,-155.932,19.1981
BI,-155.931,19.2026
BI,-155.931,19.2085
BI,-155.93,19.213
BI,-155.927,19.216
BI,-155.924,19.2208
BI,-155.925,19.2254
BI,-155.925,19.23
BI,-155.926,19.2345
BI,-155.924,19.24
BI,-155.922,19.2506
BI,-155.922,19.2555
BI,-155.922,19.2606
BI,-155.92,19.2659
BI,-155.918,19.2703
BI,-155.919,19.277
BI,-155.919,19.2825
BI,-155.919,19.2878
BI,-155.919,19.2907
BI,-155.918,19.2955
BI,-155.917,19.3007
BI,-155.915,19.3051
BI,-155.913,19.31
BI,-155.913,19.3162
BI,-155.914,19.3216
BI,-155.915,19.3272
BI,-155.914,19.3324
BI,-155.914,19.3379
BI,-155.915,19.3431
BI,-155.916,19.3508
BI,-155.919,19.3569
BI,-155.923,19.3603
BI,-155.929,19.3634
BI,-155.934,19.3656
BI,-155.938,19.3707
BI,-155.939,19.3753
BI,-155.94,19.3799
BI,-155.94,19.3859
BI,-155.942,19.3909
BI,-155.944,19.3953
BI,-155.945,19.4047
BI,-155.947,19.4143
BI,-155.948,19.4196
BI,-155.95,19.4247
BI,-155.952,19.4295
BI,-155.955,19.4338
BI,-155.957,19.4385
BI,-155.957,19.4435
BI,-155.957,19.448
BI,-155.962,19.4518
BI,-155.964,19.456
BI,-155.965,19.461
BI,-155.965,19.4657
BI,-155.969,19.4692
BI,-155.975,19.4708
BI,-155.978,19.4747
BI,-155.983,19.477
BI,-155.987,19.4805
BI,-155.99,19.4854
BI,-155.993,19.4907
BI,-155.995,19.4948
BI,-155.996,19.4992
BI,-155.997,19.5037
BI,-155.999,19.5085
BI,-156.003,19.5125
BI,-156.007,19.5161
BI,-156.01,19.5208
BI,-156.013,19.5253
BI,-156.015,19.5304
BI,-156.017,19.5351
BI,-156.017,19.5403
BI,-156.02,19.5458
BI,-156.021,19.5509
BI,-156.023,19.5573
BI,-156.026,19.5656
BI,-156.027,19.5756
BI,-156.029,19.5857
BI,-156.032,19.5908
BI,-156.035,19.5942
BI,-156.039,19.5977
BI,-156.041,19.6025
BI,-156.042,19.6075
BI,-156.045,19.6138
BI,-156.046,19.6187
BI,-156.049,19.6275
BI,-156.05,19.6344
BI,-156.05,19.6395
BI,-156.052,19.6438
BI,-156.054,19.6482
BI,-156.055,19.6533
BI,-156.057,19.6619
BI,-156.058,19.6672
BI,-156.061,19.6714
BI,-156.063,19.6754
BI,-156.066,19.6802
BI,-156.069,19.6852
BI,-156.071,19.6902
BI,-156.073,19.6954
BI,-156.078,19.6999
BI,-156.084,19.7099
BI,-156.086,19.7187
BI,-156.088,19.7243
BI,-156.091,19.7286
BI,-156.093,19.7339
BI,-156.096,19.7379
BI,-156.099,19.7425
BI,-156.102,19.7461
BI,-156.105,19.7505
BI,-156.107,19.7554
BI,-156.111,19.7607
BI,-156.114,19.7656
BI,-156.115,19.77
BI,-156.118,19.7752
BI,-156.122,19.7788
BI,-156.126,19.7825
BI,-156.13,19.7842
BI,-156.134,19.7909
BI,-156.136,19.7955
BI,-156.139,19.7999
BI,-156.143,19.805
BI,-156.142,19.8108
BI,-156.144,19.8163
BI,-156.145,19.8208
BI,-156.147,19.8252
BI,-156.148,19.8315
BI,-156.148,19.8362
BI,-156.149,19.8406
BI,-156.151,19.8462
BI,-156.153,19.852
BI,-156.154,19.8573
BI,-156.157,19.8608
BI,-156.158,19.8611
BI,-156.16,19.8649
BI,-156.163,19.8689
BI,-156.165,19.8731
BI,-156.163,19.8784
BI,-156.159,19.8812
BI,-156.153,19.885
BI,-156.148,19.885
BI,-156.143,19.8894
BI,-156.139,19.8929
BI,-156.136,19.8979
BI,-156.135,19.9028
BI,-156.13,19.9067
BI,-156.126,19.9123
BI,-156.128,19.9167
BI,-156.131,19.9215
BI,-156.134,19.9249
BI,-156.137,19.929
BI,-156.138,19.9339
BI,-156.138,19.9387
BI,-156.138,19.9435
BI,-156.137,19.9503
BI,-156.136,19.956
BI,-156.137,19.9607
BI,-156.138,19.9662
BI,-156.138,19.9723
BI,-156.138,19.9769
BI,-156.135,19.9821
BI,-156.131,19.9857
BI,-156.131,19.9909
BI,-156.128,19.9946
BI,-156.123,19.9979
BI,-156.12,20.0019
BI,-156.118,20.0076
BI,-156.115,20.0121
BI,-156.114,20.0166
BI,-156.111,20.0201
BI,-156.108,20.024
BI,-156.107,20.0284
BI,-156.107,20.0338
BI,-156.106,20.0385
BI,-156.106,20.0441
BI,-156.106,20.0501
BI,-156.106,20.0547
BI,-156.104,20.0607
BI,-156.102,20.0646
BI,-156.099,20.0682
BI,-156.095,20.0716
BI,-156.093,20.0771
BI,-156.088,20.0782
BI,-156.083,20.0803
BI,-156.079,20.0831
BI,-156.074,20.0866
BI,-156.069,20.0896
BI,-156.064,20.0916
BI,-156.06,20.0942
BI,-156.056,20.0975
BI,-156.054,20.1019
BI,-156.054,20.1065
BI,-156.058,20.111
BI,-156.062,20.1123
BI,-156.068,20.1124
BI,-156.072,20.114
BI,-156.077,20.1173
BI,-156.08,20.1225
BI,-156.083,20.1279
BI,-156.082,20.1326
BI,-156.083,20.1391
BI,-156.081,20.1439
BI,-156.08,20.1492
BI,-156.074,20.1519
BI,-156.07,20.1541
BI,-156.067,20.1579
BI,-156.066,20.1624
BI,-156.066,20.1669
BI,-156.068,20.1734
BI,-156.071,20.1775
BI,-156.074,20.182
BI,-156.077,20.1864
BI,-156.081,20.1897
BI,-156.086,20.191
BI,-156.091,20.1931
BI,-156.092,20.1979
BI,-156.089,20.2035
BI,-156.09,20.2095
BI,-156.092,20.2154
BI,-156.096,20.2201
BI,-156.099,20.2236
BI,-156.101,20.2284
BI,-156.105,20.2336
BI,-156.107,20.24
BI,-156.108,20.245
BI,-156.108,20.2495
BI,-156.107,20.257
BI,-156.107,20.2639
BI,-156.108,20.2697
BI,-156.111,20.2741
BI,-156.114,20.2788
BI,-156.11,20.2823
BI,-156.106,20.2854
BI,-156.106,20.2903
BI,-156.109,20.2939
BI,-156.111,20.298
BI,-156.112,20.3031
BI,-156.113,20.3081
BI,-156.118,20.3077
BI,-156.118,20.3018
BI,-156.123,20.3015
BI,-156.128,20.2989
BI,-156.129,20.3033
BI,-156.125,20.3054
BI,-156.12,20.3097
BI,-156.12,20.3144
BI,-156.117,20.3181
BI,-156.112,20.3201
BI,-156.11,20.324
BI,-156.108,20.3288
BI,-156.103,20.3295
BI,-156.098,20.3316
BI,-156.096,20.3363
